City_ID,City,Country,Date,Lat,Lng,Max Temp,Humidity,Cloudiness,Wind Speed
0,Luderitz,NA,2020-10-31 18:37:17,-26.65,15.16,66.88,45,0,24.0
1,Mataura,NZ,2020-10-31 18:37:17,-46.19,168.86,48.99,77,8,5.01
2,Nikolskoye,RU,2020-10-31 18:33:07,59.7,30.79,39.99,82,98,4.47
3,Khatanga,RU,2020-10-31 18:37:17,71.97,102.5,-7.8,87,57,7.02
4,Bredasdorp,ZA,2020-10-31 18:37:17,-34.53,20.04,57.2,71,0,6.93
5,Lavrentiya,RU,2020-10-31 18:33:40,65.58,-171.0,19.83,92,40,7.81
6,San Patricio,US,2020-10-31 18:33:29,28.02,-97.52,78.01,50,40,3.69
7,Mahebourg,MU,2020-10-31 18:32:54,-20.41,57.7,68.0,77,20,6.93
8,Ushuaia,AR,2020-10-31 18:37:18,-54.8,-68.3,55.4,58,75,5.82
9,Bluff,NZ,2020-10-31 18:32:46,-46.6,168.33,48.99,77,86,5.01
10,Vardo,NO,2020-10-31 18:35:59,70.37,31.11,35.94,84,100,18.23
11,Rikitea,PF,2020-10-31 18:32:46,-23.12,-134.97,75.22,70,0,7.52
12,Chokurdakh,RU,2020-10-31 18:33:14,70.63,147.92,-5.33,92,97,7.99
13,Arraial Do Cabo,BR,2020-10-31 18:36:35,-22.97,-42.03,71.6,88,75,11.41
14,Guanica,PR,2020-10-31 18:37:18,17.97,-66.91,87.01,63,93,7.0
15,Ribeira Grande,PT,2020-10-31 18:37:19,38.52,-28.7,69.8,94,75,18.34
16,Matara,LK,2020-10-31 18:37:19,5.95,80.54,77.52,86,87,6.6
17,Saint-Philippe,RE,2020-10-31 18:37:19,-21.36,55.77,68.0,64,40,6.93
18,Sao Gabriel,BR,2020-10-31 18:37:19,-30.34,-54.32,72.25,53,15,12.26
19,Murray Bridge,AU,2020-10-31 18:37:19,-35.12,139.27,50.0,96,0,1.01
20,Buala,SB,2020-10-31 18:37:19,-8.14,159.59,79.88,75,56,3.62
21,Codrington,AU,2020-10-31 18:33:44,-38.27,141.97,45.97,90,36,3.42
22,Port Alfred,ZA,2020-10-31 18:37:19,-33.59,26.89,64.99,76,84,15.43
23,Longyearbyen,SJ,2020-10-31 18:34:26,78.22,15.64,23.0,73,75,5.82
24,Ewa Beach,US,2020-10-31 18:37:20,21.32,-158.01,77.0,78,1,3.36
25,Plainview,US,2020-10-31 18:34:07,40.78,-73.47,48.99,49,1,9.17
26,Cedar City,US,2020-10-31 18:34:22,37.68,-113.06,62.6,11,1,3.36
27,Sainte-Suzanne,RE,2020-10-31 18:37:20,-20.91,55.61,66.2,55,0,4.7
28,Georgetown,MY,2020-10-31 18:34:44,5.41,100.34,75.2,94,20,4.7
29,Torbay,CA,2020-10-31 18:35:16,47.67,-52.73,37.0,74,90,12.75
30,Hilo,US,2020-10-31 18:36:21,19.73,-155.09,81.0,61,1,6.93
31,Port Augusta,AU,2020-10-31 18:33:09,-32.5,137.77,55.4,82,0,5.82
32,Numazu,JP,2020-10-31 18:37:21,35.1,138.87,54.3,59,42,3.13
33,Churapcha,RU,2020-10-31 18:37:21,62.0,132.43,-14.89,89,0,2.82
34,Otradnoye,RU,2020-10-31 18:37:21,59.78,30.82,39.99,83,88,4.41
35,Port Elizabeth,ZA,2020-10-31 18:37:21,-33.92,25.57,64.4,77,90,4.7
36,Maloy,NO,2020-10-31 18:37:21,61.94,5.11,57.2,60,58,24.16
37,Nanortalik,GL,2020-10-31 18:37:21,60.14,-45.24,28.2,89,52,18.52
38,Albany,US,2020-10-31 18:34:02,42.6,-73.97,44.01,67,0,5.39
39,Northam,GB,2020-10-31 18:37:22,51.03,-4.22,53.01,76,100,13.0
40,Jubbal,IN,2020-10-31 18:37:22,31.12,77.67,47.03,61,0,2.91
41,Popondetta,PG,2020-10-31 18:37:22,-8.75,148.25,73.18,89,81,2.46
42,Lompoc,US,2020-10-31 18:37:22,34.64,-120.46,69.8,48,1,3.51
43,Naze,JP,2020-10-31 18:37:22,28.37,129.48,68.0,77,23,3.36
44,Bandarbeyla,SO,2020-10-31 18:37:22,9.49,50.81,77.61,82,37,12.82
45,New Norfolk,AU,2020-10-31 18:37:06,-42.78,147.06,55.4,66,90,6.93
46,Hovd,MN,2020-10-31 18:36:11,48.01,91.64,26.58,85,0,1.66
47,Upernavik,GL,2020-10-31 18:37:23,72.79,-56.15,16.57,95,100,13.44
48,Hermanus,ZA,2020-10-31 18:32:44,-34.42,19.23,57.99,75,0,3.0
49,Chuy,UY,2020-10-31 18:32:50,-33.7,-53.46,63.81,63,12,9.62
50,Karratha,AU,2020-10-31 18:33:11,-20.74,116.85,69.62,83,0,11.74
51,Puerto Ayora,EC,2020-10-31 18:37:23,-0.74,-90.35,77.0,69,75,9.17
52,Flinders,AU,2020-10-31 18:37:23,-34.58,150.86,61.0,89,100,7.0
53,Tiksi,RU,2020-10-31 18:37:23,71.69,128.87,0.86,92,79,4.83
54,Mount Isa,AU,2020-10-31 18:37:24,-20.73,139.5,71.6,24,0,9.17
55,Totskoye,RU,2020-10-31 18:37:24,52.52,52.76,45.19,63,100,4.14
56,Cape Town,ZA,2020-10-31 18:37:20,-33.93,18.42,64.4,59,0,18.34
57,Pevek,RU,2020-10-31 18:37:24,69.7,170.31,13.19,96,91,10.49
58,Acarau,BR,2020-10-31 18:37:24,-2.89,-40.12,85.01,63,100,19.06
59,Barrow,US,2020-10-31 18:36:28,71.29,-156.79,24.8,73,90,3.36
60,Kodiak,US,2020-10-31 18:35:45,57.79,-152.41,32.0,87,1,4.7
61,Yellowknife,CA,2020-10-31 18:36:50,62.46,-114.35,19.99,92,90,17.22
62,Dikson,RU,2020-10-31 18:32:56,73.51,80.55,17.29,97,100,13.31
63,Auki,SB,2020-10-31 18:37:25,-8.77,160.7,78.08,85,57,4.32
64,Punta Arenas,CL,2020-10-31 18:37:25,-53.15,-70.92,55.4,62,75,6.93
65,Victoria,HK,2020-10-31 18:37:25,22.29,114.16,73.0,78,97,3.0
66,San Quintin,MX,2020-10-31 18:37:25,30.48,-115.95,75.74,39,97,6.22
67,Clyde River,CA,2020-10-31 18:37:25,70.47,-68.59,14.0,92,90,12.75
68,Kahului,US,2020-10-31 18:33:49,20.89,-156.47,80.6,61,1,2.62
69,Wanning,CN,2020-10-31 18:36:32,18.8,110.4,72.28,86,24,8.66
70,Salalah,OM,2020-10-31 18:37:25,17.02,54.09,77.0,31,0,3.36
71,Trelew,AR,2020-10-31 18:37:26,-43.25,-65.31,85.64,14,0,11.14
72,Porto Novo,BJ,2020-10-31 18:37:26,6.5,2.6,82.4,83,40,10.29
73,Chernyshevskiy,RU,2020-10-31 18:37:26,63.01,112.47,-3.8,92,0,2.15
74,Cidreira,BR,2020-10-31 18:32:52,-30.18,-50.21,66.88,63,100,10.02
75,Pisco,PE,2020-10-31 18:34:24,-13.7,-76.22,69.8,73,0,6.93
76,Husavik,IS,2020-10-31 18:37:26,66.04,-17.34,37.4,74,0,5.82
77,Grand Junction,US,2020-10-31 18:37:26,39.06,-108.55,57.0,29,1,1.68
78,Richards Bay,ZA,2020-10-31 18:37:26,-28.78,32.04,66.11,86,100,7.74
79,Souillac,MU,2020-10-31 18:33:02,-20.52,57.52,68.0,77,20,6.93
80,Atuona,PF,2020-10-31 18:37:27,-9.8,-139.03,78.35,75,10,18.9
81,Patiya,BD,2020-10-31 18:37:27,22.29,91.98,74.82,97,100,1.28
82,Butaritari,KI,2020-10-31 18:32:57,3.07,172.79,81.39,75,100,16.33
83,Sheregesh,RU,2020-10-31 18:37:27,52.92,87.99,23.34,98,100,1.88
84,Tuktoyaktuk,CA,2020-10-31 18:32:53,69.45,-133.04,-4.0,83,40,4.7
85,Adrar,MR,2020-10-31 18:35:32,20.5,-10.07,87.39,13,100,9.82
86,Saskylakh,RU,2020-10-31 18:37:27,71.92,114.08,-5.17,83,2,6.38
87,Sokoto,NG,2020-10-31 18:37:27,13.06,5.24,85.42,18,14,7.31
88,Bethel,US,2020-10-31 18:32:43,41.37,-73.41,45.0,41,1,3.36
89,Sumbawanga,TZ,2020-10-31 18:37:28,-7.97,31.62,69.8,68,40,2.01
90,Ahuimanu,US,2020-10-31 18:37:28,21.44,-157.84,79.0,65,20,2.26
91,Khomutovka,RU,2020-10-31 18:37:28,51.92,34.56,46.87,89,100,14.54
92,Jamestown,US,2020-10-31 18:37:28,42.1,-79.24,43.0,69,90,13.87
93,Port-Gentil,GA,2020-10-31 18:37:28,-0.72,8.78,82.4,78,40,12.75
94,Vyskov,CZ,2020-10-31 18:37:28,49.28,17.0,53.01,87,75,8.05
95,Tornio,FI,2020-10-31 18:37:28,65.85,24.15,32.0,94,100,8.05
96,Dombarovskiy,RU,2020-10-31 18:37:28,50.76,59.54,44.44,55,100,14.23
97,Boffa,GN,2020-10-31 18:37:29,10.17,-14.03,79.5,83,0,4.23
98,Busselton,AU,2020-10-31 18:37:29,-33.65,115.33,61.0,76,100,5.39
99,Kapaa,US,2020-10-31 18:33:17,22.08,-159.32,75.2,83,1,5.82
100,Constitucion,CL,2020-10-31 18:37:29,-35.33,-72.42,65.89,59,8,6.6
101,Mantua,IT,2020-10-31 18:37:15,45.17,10.78,54.0,93,100,2.24
102,Sisimiut,GL,2020-10-31 18:37:29,66.94,-53.67,20.52,95,100,6.82
103,Sao Filipe,CV,2020-10-31 18:37:29,14.9,-24.5,80.82,64,97,15.88
104,Hasaki,JP,2020-10-31 18:33:16,35.73,140.83,42.8,93,20,4.7
105,Cesis,LV,2020-10-31 18:37:29,57.31,25.27,39.0,97,0,4.56
106,High Level,CA,2020-10-31 18:33:35,58.52,-117.14,23.0,92,20,6.93
107,Yulara,AU,2020-10-31 18:37:30,-25.24,130.99,66.2,25,0,6.93
108,Parkes,AU,2020-10-31 18:37:30,-33.13,148.18,52.0,94,1,4.41
109,Tasiilaq,GL,2020-10-31 18:32:42,65.61,-37.64,33.8,86,75,2.24
110,Praia,CV,2020-10-31 18:37:30,14.92,-23.51,80.6,69,75,25.28
111,Castro,BR,2020-10-31 18:37:30,-24.79,-50.01,60.67,77,96,8.21
112,Severo-Kurilsk,RU,2020-10-31 18:37:30,50.68,156.12,42.53,73,91,21.83
113,Palmer,US,2020-10-31 18:37:30,42.16,-72.33,43.0,77,0,3.74
114,Gap,FR,2020-10-31 18:37:31,44.67,6.0,53.01,73,0,3.42
115,Halifax,CA,2020-10-31 18:33:08,44.65,-63.57,45.0,38,0,6.93
116,Tutoia,BR,2020-10-31 18:37:31,-2.76,-42.27,83.88,73,23,14.83
117,Lakeway,US,2020-10-31 18:37:31,30.36,-97.98,73.99,41,21,6.85
118,Qaanaaq,GL,2020-10-31 18:33:03,77.48,-69.36,10.56,84,97,7.14
119,Udachnyy,RU,2020-10-31 18:36:55,66.42,112.4,1.4,91,0,2.24
120,Hobart,AU,2020-10-31 18:33:49,-42.88,147.33,55.4,66,90,6.93
121,Ostrovnoy,RU,2020-10-31 18:36:46,68.05,39.51,26.74,95,1,13.13
122,Clarksville,US,2020-10-31 18:37:31,36.53,-87.36,63.0,51,1,3.36
123,Hereford,GB,2020-10-31 18:37:31,52.06,-2.71,50.0,82,100,10.27
124,Saint George,US,2020-10-31 18:33:08,37.1,-113.58,57.2,24,1,0.76
125,Atar,MR,2020-10-31 18:37:32,20.52,-13.05,91.36,13,0,9.69
126,Ukiah,US,2020-10-31 18:37:17,39.15,-123.21,73.99,34,1,2.89
127,Fort Nelson,CA,2020-10-31 18:37:32,58.81,-122.7,17.6,92,75,3.36
128,Meadow Lake,US,2020-10-31 18:37:09,34.8,-106.54,64.0,47,40,5.68
129,Coahuayana,MX,2020-10-31 18:37:32,18.73,-103.68,80.6,74,40,5.99
130,Katsuura,JP,2020-10-31 18:34:01,35.13,140.3,51.8,76,0,9.17
131,Hay River,CA,2020-10-31 18:37:32,60.82,-115.8,23.0,79,0,10.29
132,Hami,CN,2020-10-31 18:37:33,42.8,93.45,37.54,64,0,5.39
133,Longhua,CN,2020-10-31 18:37:33,23.61,114.19,66.92,84,0,0.34
134,Abha,SA,2020-10-31 18:37:33,18.22,42.51,64.4,77,0,3.49
135,Grand Gaube,MU,2020-10-31 18:37:33,-20.01,57.66,64.99,76,13,3.0
136,Thompson,CA,2020-10-31 18:37:33,55.74,-97.86,17.6,72,90,16.11
137,Mokhsogollokh,RU,2020-10-31 18:32:51,61.47,128.92,-13.13,89,4,1.25
138,Mangai,CD,2020-10-31 18:37:33,-4.05,19.53,74.17,86,18,1.61
139,Ust-Ilimsk,RU,2020-10-31 18:33:58,58.0,102.66,11.68,93,100,4.85
140,Homer,US,2020-10-31 18:34:06,59.64,-151.55,26.01,52,1,18.66
141,Marsh Harbour,BS,2020-10-31 18:34:25,26.54,-77.06,80.19,80,0,17.49
142,Mar Del Plata,AR,2020-10-31 18:34:45,-38.0,-57.56,66.2,59,0,14.99
143,Grand Baie,MU,2020-10-31 18:37:34,-20.02,57.58,64.99,76,16,3.0
144,Carutapera,BR,2020-10-31 18:36:40,-1.2,-46.02,85.35,63,81,9.73
145,Manzhouli,CN,2020-10-31 18:37:34,49.6,117.43,25.66,95,100,15.43
146,Hithadhoo,MV,2020-10-31 18:37:34,-0.6,73.08,83.64,71,100,8.12
147,Dongning,CN,2020-10-31 18:37:34,44.06,131.12,43.38,79,52,5.79
148,Oranjestad,AW,2020-10-31 18:37:34,12.52,-70.03,84.2,83,20,16.11
149,Berlevag,NO,2020-10-31 18:32:58,70.86,29.09,33.66,90,100,12.17
150,Amanganj,IN,2020-10-31 18:37:34,24.43,80.03,71.98,26,83,1.72
151,Qingdao,CN,2020-10-31 18:37:35,36.1,120.37,63.0,82,90,7.78
152,San Pedro,PH,2020-10-31 18:37:35,14.35,121.02,80.01,78,75,3.36
153,Hokitika,NZ,2020-10-31 18:33:30,-42.72,170.97,52.43,80,100,9.13
154,Carnarvon,AU,2020-10-31 18:37:35,-24.87,113.63,69.8,83,40,8.05
155,Berea,US,2020-10-31 18:37:35,41.37,-81.85,48.99,52,1,10.29
156,Bambous Virieux,MU,2020-10-31 18:36:14,-20.34,57.76,68.0,77,20,6.93
157,Kalmunai,LK,2020-10-31 18:37:35,7.42,81.82,79.83,82,98,3.02
158,Alofi,NU,2020-10-31 18:37:35,-19.06,-169.92,73.4,94,86,13.87
159,Cordoba,AR,2020-10-31 18:36:02,-31.41,-64.18,81.0,23,0,5.82
160,East London,ZA,2020-10-31 18:37:36,-33.02,27.91,64.4,72,20,6.93
161,Mana,GF,2020-10-31 18:37:36,5.66,-53.78,86.2,66,46,14.16
162,Beringovskiy,RU,2020-10-31 18:33:57,63.05,179.32,18.91,94,100,11.52
163,Inhambane,MZ,2020-10-31 18:37:36,-23.86,35.38,77.0,73,40,6.93
164,Olga,RU,2020-10-31 18:37:36,43.74,135.29,46.44,90,96,5.57
165,Boende,CD,2020-10-31 18:37:36,-0.22,20.87,74.35,86,89,2.28
166,Pangody,RU,2020-10-31 18:33:31,65.85,74.49,31.3,99,100,11.45
167,Beyneu,KZ,2020-10-31 18:37:36,45.32,55.2,47.39,57,100,15.1
168,Sungaipenuh,ID,2020-10-31 18:37:36,-2.08,101.38,64.42,92,100,1.21
169,Lexington,US,2020-10-31 18:35:20,37.99,-84.48,57.99,54,1,8.05
170,Ibra,OM,2020-10-31 18:36:48,22.69,58.53,61.77,35,0,1.86
171,Faanui,PF,2020-10-31 18:37:37,-16.48,-151.75,78.82,74,30,20.47
172,Vaini,TO,2020-10-31 18:35:10,-21.2,-175.2,73.4,88,75,9.17
173,Merauke,ID,2020-10-31 18:36:52,-8.47,140.33,76.57,86,63,12.24
174,Airai,TL,2020-10-31 18:37:37,-8.93,125.41,59.97,74,4,2.06
175,Lisakovsk,KZ,2020-10-31 18:37:37,52.54,62.49,38.23,75,99,10.42
176,Tromso,NO,2020-10-31 18:37:37,69.65,18.96,41.0,74,75,25.28
177,Hofn,IS,2020-10-31 18:35:47,64.25,-15.21,42.66,79,100,11.21
178,Hamilton,US,2020-10-31 18:37:25,39.18,-84.53,55.99,50,1,9.17
179,Lakes Entrance,AU,2020-10-31 18:37:38,-37.88,147.98,54.0,94,54,6.42
180,Micheweni,TZ,2020-10-31 18:37:38,-4.97,39.83,78.15,78,0,11.05
181,San Cristobal,VE,2020-10-31 18:35:24,7.77,-72.22,87.8,62,40,12.75
182,Marzuq,YE,2020-10-31 18:37:38,14.4,46.47,66.31,51,0,2.06
183,Marsa Matruh,EG,2020-10-31 18:37:38,31.35,27.25,71.6,60,40,9.17
184,Colonia,DE,2020-10-31 18:35:36,50.93,6.95,60.01,67,0,9.17
185,Gumdag,TM,2020-10-31 18:37:38,39.21,54.59,63.7,24,0,14.83
186,Puerto Maldonado,PE,2020-10-31 18:37:39,-12.6,-69.18,86.0,42,75,6.93
187,Fortuna,US,2020-10-31 18:33:45,40.6,-124.16,55.99,71,1,5.88
188,Henties Bay,NA,2020-10-31 18:37:39,-22.12,14.28,57.0,88,98,5.01
189,Yuyao,CN,2020-10-31 18:37:39,30.05,121.15,63.0,93,0,2.24
190,Atikokan,CA,2020-10-31 18:37:39,48.76,-91.62,38.7,88,100,12.19
191,Namatanai,PG,2020-10-31 18:37:39,-3.67,152.43,80.17,79,37,6.29
192,Berbera,SO,2020-10-31 18:37:39,10.44,45.01,83.43,52,0,5.3
193,Grand-Santi,GF,2020-10-31 18:37:39,4.25,-54.38,98.87,32,23,6.71
194,Iskateley,RU,2020-10-31 18:37:39,67.68,53.15,33.58,93,97,15.9
195,Sitka,US,2020-10-31 18:37:40,57.05,-135.33,50.0,93,90,20.8
196,Alexandria,EG,2020-10-31 18:33:02,31.22,29.96,75.2,57,40,9.17
197,Bouna,CI,2020-10-31 18:37:40,9.27,-3.0,82.76,36,0,3.04
198,Sassandra,CI,2020-10-31 18:37:40,4.95,-6.08,78.48,85,99,4.36
199,Lagoa,PT,2020-10-31 18:34:13,39.05,-27.98,68.83,92,71,23.87
200,Mersing,MY,2020-10-31 18:37:07,2.43,103.84,75.2,94,69,4.7
201,Cabo San Lucas,MX,2020-10-31 18:37:40,22.89,-109.91,84.99,61,40,11.41
202,Russell,US,2020-10-31 18:37:40,32.35,-85.2,68.0,49,75,6.93
203,Taoudenni,ML,2020-10-31 18:36:37,22.68,-3.98,82.98,15,100,9.51
204,Chicla,PE,2020-10-31 18:37:41,-11.71,-76.27,45.82,68,100,8.14
205,Liverpool,GB,2020-10-31 18:33:48,53.41,-2.98,51.8,76,20,16.11
206,Guayaramerin,BO,2020-10-31 18:33:35,-10.84,-65.36,80.6,61,90,6.93
207,Port Lincoln,AU,2020-10-31 18:36:43,-34.73,135.87,53.8,87,2,11.83
208,Soyo,AO,2020-10-31 18:37:41,-6.13,12.37,78.26,84,88,11.45
209,Kralendijk,BQ,2020-10-31 18:37:41,12.15,-68.27,89.6,66,98,13.87
210,Ilhabela,BR,2020-10-31 18:32:49,-23.78,-45.36,67.77,87,100,8.84
211,Cairns,AU,2020-10-31 18:33:40,-16.92,145.77,70.0,94,40,3.56
212,Broome,US,2020-10-31 18:35:19,42.25,-75.83,41.0,64,90,6.93
213,Samana,DO,2020-10-31 18:36:23,19.21,-69.34,84.2,83,75,13.87
214,Sao Joao Da Barra,BR,2020-10-31 18:37:42,-21.64,-41.05,71.6,94,90,20.8
215,Pinhao,BR,2020-10-31 18:37:42,-25.7,-51.66,63.3,84,90,3.8
216,Kurayoshi,JP,2020-10-31 18:37:42,35.43,133.82,48.2,87,40,3.36
217,Jerez,GT,2020-10-31 18:37:42,14.1,-89.75,77.0,65,75,6.93
218,Pacific Grove,US,2020-10-31 18:36:09,36.62,-121.92,69.8,48,1,3.36
219,Katherine,AU,2020-10-31 18:37:43,-14.47,132.27,82.4,54,0,6.93
220,Tilichiki,RU,2020-10-31 18:34:22,60.47,166.1,24.76,98,99,6.29
221,Abu Dhabi,AE,2020-10-31 18:35:48,24.47,54.37,82.4,65,0,3.36
222,Verkhoyansk,RU,2020-10-31 18:37:43,67.54,133.38,-10.8,87,89,5.21
223,Kabinda,CD,2020-10-31 18:37:43,-6.13,24.48,68.72,92,100,3.71
224,Hopkinsville,US,2020-10-31 18:37:43,36.87,-87.49,63.0,58,35,3.0
225,Lorengau,PG,2020-10-31 18:37:43,-2.02,147.27,81.18,77,8,6.17
226,Veere,NL,2020-10-31 18:37:43,51.55,3.67,57.99,93,70,26.4
227,Grindavik,IS,2020-10-31 18:34:15,63.84,-22.43,39.2,93,75,4.7
228,Luena,AO,2020-10-31 18:37:44,-11.78,19.92,67.55,69,90,3.53
229,Shingu,JP,2020-10-31 18:37:44,33.73,135.98,58.3,67,97,6.26
230,Kaitangata,NZ,2020-10-31 18:37:44,-46.28,169.85,52.0,65,9,4.0
231,Hudson Bay,CA,2020-10-31 18:37:44,52.85,-102.38,22.66,91,100,13.94
232,Sinfra,CI,2020-10-31 18:37:44,6.62,-5.92,82.4,78,75,4.7
233,Gofitskoye,RU,2020-10-31 18:37:45,45.08,43.05,57.88,84,100,4.18
234,Maunabo,PR,2020-10-31 18:34:07,18.01,-65.9,86.0,100,100,5.99
235,Sibolga,ID,2020-10-31 18:37:45,1.74,98.78,77.65,81,100,2.42
236,Dingle,PH,2020-10-31 18:36:21,11.0,122.67,75.74,82,100,5.73
237,Orasu Nou,RO,2020-10-31 18:37:45,47.83,23.28,45.0,75,8,3.36
238,Mulege,MX,2020-10-31 18:37:45,26.88,-111.98,84.04,29,100,6.38
239,Araouane,ML,2020-10-31 18:32:56,18.9,-3.53,88.36,12,100,7.09
240,Mossendjo,CG,2020-10-31 18:37:46,-2.95,12.73,71.8,96,100,2.48
241,Maragogi,BR,2020-10-31 18:36:56,-9.01,-35.22,80.31,77,100,10.69
242,Champerico,GT,2020-10-31 18:37:46,14.3,-91.92,89.6,55,20,4.7
243,Narsaq,GL,2020-10-31 18:33:23,60.92,-46.05,28.4,74,40,1.48
244,Ixtapa,MX,2020-10-31 18:37:46,20.7,-105.2,86.0,66,5,8.05
245,Bengkulu,ID,2020-10-31 18:35:18,-3.8,102.27,76.26,88,100,4.38
246,Hambantota,LK,2020-10-31 18:37:46,6.12,81.12,79.36,82,76,11.92
247,Iqaluit,CA,2020-10-31 18:34:02,63.75,-68.51,19.4,79,90,4.7
248,Ketchikan,US,2020-10-31 18:37:46,55.34,-131.65,48.2,100,90,14.99
249,Padre Bernardo,BR,2020-10-31 18:37:47,-15.35,-48.5,74.21,84,100,3.27
250,Srednekolymsk,RU,2020-10-31 18:33:23,67.45,153.68,4.23,94,100,1.9
251,Port Blair,IN,2020-10-31 18:33:27,11.67,92.75,79.99,82,0,7.49
252,Tarbert,GB,2020-10-31 18:37:47,55.86,-5.42,52.0,87,97,39.15
253,Saint-Michel-Des-Saints,CA,2020-10-31 18:37:47,46.68,-73.92,36.0,74,1,7.31
254,Nome,US,2020-10-31 18:37:47,64.5,-165.41,14.0,78,1,7.61
255,Esperance,AU,2020-10-31 18:37:47,-33.87,121.9,71.6,28,100,13.87
256,Santa Catalina,PH,2020-10-31 18:37:47,9.33,122.86,78.8,83,75,4.7
257,Quanzhou,CN,2020-10-31 18:36:36,24.91,118.59,68.0,60,0,2.24
258,Port Hardy,CA,2020-10-31 18:36:34,50.7,-127.42,46.4,87,75,2.24
259,Payo,ID,2020-10-31 18:37:48,-3.75,103.64,73.63,96,100,0.63
260,Santiago Del Estero,AR,2020-10-31 18:37:48,-27.8,-64.26,84.07,18,0,9.15
261,Sarangarh,IN,2020-10-31 18:37:48,21.6,83.08,70.36,60,74,3.65
262,Zhangye,CN,2020-10-31 18:37:48,38.93,100.45,35.71,66,5,1.28
263,Nouakchott,MR,2020-10-31 18:36:13,18.09,-15.98,82.4,61,0,12.75
264,Ancud,CL,2020-10-31 18:37:48,-41.87,-73.82,72.0,56,0,8.05
265,Sistranda,NO,2020-10-31 18:37:48,63.73,8.83,48.2,66,0,25.28
266,Bilma,NE,2020-10-31 18:37:48,18.69,12.92,75.02,20,0,8.37
267,Rehoboth,NA,2020-10-31 18:37:48,-23.32,17.08,73.83,21,34,4.65
268,Lasa,IT,2020-10-31 18:37:48,46.62,10.7,48.0,40,0,4.7
269,Praya,CV,2020-10-31 18:37:30,14.92,-23.51,80.6,69,75,25.28
270,Vila Velha,BR,2020-10-31 18:37:49,-20.33,-40.29,73.4,88,90,5.82
271,Raudeberg,NO,2020-10-31 18:37:49,61.99,5.14,57.2,59,65,24.16
272,Chute-Aux-Outardes,CA,2020-10-31 18:37:49,49.12,-68.4,30.2,63,1,17.22
273,Khuzdar,PK,2020-10-31 18:37:49,27.74,66.64,57.49,29,0,3.33
274,Vanino,RU,2020-10-31 18:37:49,49.09,140.25,35.15,86,100,2.86
275,Kangaatsiaq,GL,2020-10-31 18:37:49,68.31,-53.46,23.97,97,98,9.6
276,Caconda,AO,2020-10-31 18:37:50,-13.73,15.07,63.18,91,100,1.36
277,Camacha,PT,2020-10-31 18:36:37,33.08,-16.33,69.8,77,20,6.93
278,Tenenkou,ML,2020-10-31 18:37:50,14.46,-4.92,88.02,13,0,6.96
279,Kasongo-Lunda,CD,2020-10-31 18:37:50,-6.47,16.82,73.15,90,100,0.6
280,Toktogul,KG,2020-10-31 18:37:50,41.87,72.94,45.09,43,0,2.26
281,Ponta Do Sol,PT,2020-10-31 18:37:50,32.67,-17.1,73.0,83,20,11.41
282,Cockburn Town,TC,2020-10-31 18:34:52,21.46,-71.14,86.0,66,40,13.87
283,Narino,CO,2020-10-31 18:37:50,5.61,-75.18,63.0,93,75,9.17
284,Aksha,RU,2020-10-31 18:35:09,50.28,113.29,24.15,90,79,7.9
285,Gunnedah,AU,2020-10-31 18:37:51,-30.98,150.25,48.2,100,0,4.7
286,Erenhot,CN,2020-10-31 18:37:51,43.65,111.98,31.1,73,0,11.52
287,Kontagora,NG,2020-10-31 18:37:51,10.4,5.47,79.45,34,1,1.1
288,Ilulissat,GL,2020-10-31 18:33:01,69.22,-51.1,19.4,67,75,6.93
289,Norman Wells,CA,2020-10-31 18:37:51,65.28,-126.83,-0.4,84,20,3.36
290,Mount Gambier,AU,2020-10-31 18:37:51,-37.83,140.77,44.6,93,90,2.68
291,Mayo,US,2020-10-31 18:37:51,38.89,-76.51,48.99,70,90,8.05
292,Qaqortoq,GL,2020-10-31 18:37:51,60.72,-46.03,28.4,74,40,1.3
293,Gaomi,CN,2020-10-31 18:37:51,36.38,119.75,63.0,82,90,5.06
294,Fairbanks,US,2020-10-31 18:37:52,64.84,-147.72,6.01,84,90,2.13
295,Trairi,BR,2020-10-31 18:33:53,-3.28,-39.27,83.97,67,100,14.38
296,Saint-Joseph,RE,2020-10-31 18:37:52,-21.37,55.62,68.0,64,40,6.93
297,Gairo,IT,2020-10-31 18:37:52,39.85,9.5,64.4,100,0,9.17
298,Staunton,US,2020-10-31 18:36:50,38.15,-79.07,51.01,53,90,4.7
299,Korla,CN,2020-10-31 18:37:52,41.76,86.15,39.0,66,0,5.01
300,Merke,KZ,2020-10-31 18:37:52,42.87,73.18,46.8,43,11,3.85
301,Veraval,IN,2020-10-31 18:37:53,20.9,70.37,81.19,52,0,5.37
302,Grimshaw,CA,2020-10-31 18:37:53,56.18,-117.6,23.0,85,90,9.17
303,Camocim,BR,2020-10-31 18:36:58,-2.9,-40.84,86.45,62,100,20.6
304,Bartica,GY,2020-10-31 18:37:53,6.4,-58.62,89.6,66,40,6.93
305,Borovskoy,KZ,2020-10-31 18:37:53,53.8,64.15,36.46,80,100,12.39
306,Ruteng,ID,2020-10-31 18:37:53,-8.61,120.47,64.11,86,100,1.43
307,Athabasca,CA,2020-10-31 18:33:44,54.72,-113.29,30.2,79,84,5.82
308,Gat,IL,2020-10-31 18:33:21,31.61,34.76,75.99,100,1,3.4
309,Takapau,NZ,2020-10-31 18:37:54,-40.03,176.35,57.0,77,35,18.99
310,Conceicao Do Araguaia,BR,2020-10-31 18:37:54,-8.26,-49.26,94.55,41,34,4.16
311,Banjar,ID,2020-10-31 18:37:54,-8.19,114.97,77.68,73,100,1.57
312,Nakhon Thai,TH,2020-10-31 18:37:54,17.1,100.84,72.77,87,36,2.42
313,Gorontalo,ID,2020-10-31 18:37:54,0.54,123.06,76.75,76,100,1.97
314,Mackay,AU,2020-10-31 18:35:11,-21.15,149.2,69.8,88,0,3.36
315,Avarua,CK,2020-10-31 18:37:54,-21.21,-159.78,73.4,88,100,12.75
316,Sept-Iles,CA,2020-10-31 18:33:40,50.2,-66.38,34.0,40,0,8.05
317,Nago,JP,2020-10-31 18:37:55,26.59,127.98,73.4,88,90,6.93
318,Yeniseysk,RU,2020-10-31 18:37:55,58.45,92.17,17.29,95,100,6.08
319,Erzin,TR,2020-10-31 18:37:55,36.96,36.2,73.99,71,0,0.85
320,Shu,KZ,2020-10-31 18:37:55,43.6,73.76,41.0,46,0,5.99
321,Baft,IR,2020-10-31 18:37:55,29.23,56.61,50.23,38,0,4.05
322,Bubaque,GW,2020-10-31 18:36:37,11.28,-15.83,85.06,67,11,10.02
323,Yerbogachen,RU,2020-10-31 18:37:56,61.28,108.01,1.29,92,0,2.93
324,Sioux Lookout,CA,2020-10-31 18:37:56,50.1,-91.92,39.2,80,90,17.22
325,Ovalle,CL,2020-10-31 18:37:56,-30.6,-71.2,80.47,26,0,9.22
326,Yantarnyy,RU,2020-10-31 18:37:56,54.87,19.94,46.4,93,90,2.24
327,Keti Bandar,PK,2020-10-31 18:37:56,24.14,67.45,80.2,53,0,6.98
328,Wilmington,US,2020-10-31 18:33:56,34.23,-77.94,68.0,45,1,11.41
329,Kirkenaer,NO,2020-10-31 18:36:59,60.46,12.06,44.6,100,75,5.82
330,Itapipoca,BR,2020-10-31 18:37:56,-3.49,-39.58,90.07,45,98,12.33
331,Aykhal,RU,2020-10-31 18:37:57,66.0,111.5,1.4,91,0,2.24
332,Vitim,RU,2020-10-31 18:37:57,59.45,112.56,3.34,92,89,4.38
333,Nuuk,GL,2020-10-31 18:37:57,64.18,-51.72,23.0,73,75,2.24
334,Comodoro Rivadavia,AR,2020-10-31 18:37:57,-45.87,-67.5,66.2,52,0,5.82
335,Umm Lajj,SA,2020-10-31 18:37:57,25.02,37.27,78.35,71,0,4.21
336,Saint-Augustin,CA,2020-10-31 18:37:57,51.23,-58.65,33.15,72,0,13.8
337,Huarmey,PE,2020-10-31 18:37:58,-10.07,-78.15,69.04,66,100,9.28
338,Lashio,MM,2020-10-31 18:37:58,22.93,97.75,64.53,99,53,1.57
339,Luanda,AO,2020-10-31 18:35:32,-8.84,13.23,78.8,83,75,8.05
340,Teknaf,BD,2020-10-31 18:37:58,20.86,92.31,77.16,90,100,5.66
341,Mahudha,IN,2020-10-31 18:37:58,22.82,72.93,69.8,68,0,6.58
342,Vestmannaeyjar,IS,2020-10-31 18:37:58,63.44,-20.27,44.6,70,20,12.75
343,Waingapu,ID,2020-10-31 18:37:58,-9.66,120.26,80.02,74,100,1.21
344,Obo,CF,2020-10-31 18:37:49,5.4,26.49,70.5,93,100,1.25
345,Eyl,SO,2020-10-31 18:37:58,7.98,49.82,79.66,73,0,14.34
346,Xining,CN,2020-10-31 18:37:59,36.62,101.77,34.39,78,100,1.05
347,Chambishi,ZM,2020-10-31 18:37:59,-12.63,28.05,72.1,36,30,6.62
348,Lichinga,MZ,2020-10-31 18:36:22,-13.31,35.24,73.4,53,75,6.93
349,Ranong,TH,2020-10-31 18:37:12,9.97,98.63,78.26,82,38,1.68
350,Lebu,CL,2020-10-31 18:35:44,-37.62,-73.65,59.92,65,0,9.84
351,Rantepao,ID,2020-10-31 18:37:59,-2.97,119.9,65.14,88,99,2.3
352,Tommot,RU,2020-10-31 18:37:59,58.96,126.29,-3.75,89,98,2.28
353,Los Llanos De Aridane,ES,2020-10-31 18:37:59,28.66,-17.92,77.0,61,0,11.41
354,La Orilla,MX,2020-10-31 18:37:59,17.98,-102.23,86.02,60,91,5.61
355,Windsor,CA,2020-10-31 18:34:21,42.3,-83.02,50.0,52,20,11.41
356,Waw,SS,2020-10-31 18:38:00,7.7,28.0,76.46,74,2,2.39
357,Sagua De Tanamo,CU,2020-10-31 18:38:00,20.58,-75.24,82.11,78,94,6.08
358,Zorritos,PE,2020-10-31 18:38:00,-3.68,-80.68,82.4,65,40,11.72
359,Yola,NG,2020-10-31 18:38:00,9.2,12.48,84.72,29,2,1.57
360,Lac Du Bonnet,CA,2020-10-31 18:38:00,50.25,-96.06,30.99,74,100,40.26
361,Thinadhoo,MV,2020-10-31 18:38:00,0.53,72.93,82.76,76,100,10.38
362,Ust-Koksa,RU,2020-10-31 18:38:00,50.27,85.61,22.46,89,65,1.03
363,Meulaboh,ID,2020-10-31 18:37:41,4.14,96.13,77.97,84,98,4.27
364,Sainte-Maxime,FR,2020-10-31 18:38:01,43.3,6.63,60.01,87,100,1.12
365,Uspenka,UA,2020-10-31 18:38:01,48.39,39.16,57.11,85,9,17.58
366,Avera,US,2020-10-31 18:33:40,33.19,-82.53,62.6,59,90,6.93
367,Azare,NG,2020-10-31 18:38:01,11.68,10.19,82.76,22,0,7.65
368,Douglas,US,2020-10-31 18:34:04,41.3,-96.17,64.0,45,1,16.11
369,Ampanihy,MG,2020-10-31 18:38:01,-24.7,44.75,72.3,58,0,8.81
370,Dakar,SN,2020-10-31 18:37:01,14.69,-17.44,80.6,83,0,18.34
371,Bathsheba,BB,2020-10-31 18:35:27,13.22,-59.52,84.2,79,40,19.46
372,Mikuni,JP,2020-10-31 18:34:04,36.22,136.15,44.6,87,75,1.12
373,Alenquer,BR,2020-10-31 18:34:11,-1.94,-54.74,93.2,46,0,11.41
374,Daru,PG,2020-10-31 18:38:02,-9.08,143.21,77.68,86,18,10.54
375,Caravelas,BR,2020-10-31 18:38:02,-17.71,-39.25,72.95,97,100,2.8
376,Padang,ID,2020-10-31 18:33:21,-0.95,100.35,77.68,76,100,4.09
377,Vetlanda,SE,2020-10-31 18:38:02,57.43,15.08,48.99,100,97,9.17
378,Coquimbo,CL,2020-10-31 18:38:02,-29.95,-71.34,59.0,77,40,11.41
379,Vao,NC,2020-10-31 18:38:02,-22.67,167.48,73.33,81,55,15.26
380,Kailua,US,2020-10-31 18:38:02,21.4,-157.74,79.0,65,20,2.17
381,Necochea,AR,2020-10-31 18:33:31,-38.55,-58.74,65.68,50,0,9.04
382,Bara,NG,2020-10-31 18:38:03,10.37,10.73,80.55,33,0,4.97
383,Touros,BR,2020-10-31 18:38:03,-5.2,-35.46,86.0,62,40,16.11
384,Hella,NO,2020-10-31 18:38:03,67.2,14.43,42.01,74,0,17.22
385,Guiratinga,BR,2020-10-31 18:38:03,-16.35,-53.76,83.35,69,96,4.54
386,Jacareacanga,BR,2020-10-31 18:33:05,-6.22,-57.75,97.81,33,79,4.21
387,Vanimo,PG,2020-10-31 18:33:37,-2.67,141.3,77.97,83,14,6.69
388,Sarangani,PH,2020-10-31 18:38:03,5.4,125.46,82.8,78,100,22.12
389,Ballina,AU,2020-10-31 18:34:09,-28.87,153.57,60.01,82,0,1.12
390,Celestun,MX,2020-10-31 18:38:03,20.87,-90.4,80.53,75,24,12.37
391,Mapiripan,CO,2020-10-31 18:38:04,2.89,-72.13,91.08,56,100,4.76
392,Biloela,AU,2020-10-31 18:38:04,-24.42,150.5,64.99,93,7,0.4
393,Madang,PG,2020-10-31 18:38:04,-5.22,145.8,77.11,86,100,4.12
394,Nokaneng,BW,2020-10-31 18:38:04,-19.67,22.27,82.35,20,4,2.64
395,Vuktyl,RU,2020-10-31 18:38:04,63.86,57.31,30.76,97,94,9.51
396,Kayanga,TZ,2020-10-31 18:38:04,-1.53,31.15,61.84,98,100,3.4
397,Bernal,PE,2020-10-31 18:38:04,-5.45,-80.75,81.23,46,100,14.36
398,Sitrah,BH,2020-10-31 18:38:04,26.15,50.62,80.6,57,0,4.7
399,Visby,SE,2020-10-31 18:38:05,57.64,18.3,50.0,93,55,11.41
400,Kufstein,AT,2020-10-31 18:38:05,47.58,12.17,48.0,92,99,3.87
401,Sur,OM,2020-10-31 18:34:22,22.57,59.53,70.63,57,0,1.01
402,Vanavara,RU,2020-10-31 18:37:45,60.34,102.28,-1.64,92,0,2.3
403,Laguna,US,2020-10-31 18:36:23,38.42,-121.42,68.0,45,1,4.23
404,Miraflores,MX,2020-10-31 18:38:05,19.22,-98.81,71.6,40,5,2.24
405,Kang,BW,2020-10-31 18:38:05,-23.68,22.79,84.13,21,100,9.13
406,College,US,2020-10-31 18:38:05,64.86,-147.8,8.01,77,90,2.13
407,Waipawa,NZ,2020-10-31 18:38:05,-41.41,175.52,59.0,87,24,10.29
408,Van Buren,US,2020-10-31 18:34:22,35.44,-94.35,64.0,48,1,6.93
409,Victor Harbor,AU,2020-10-31 18:38:06,-35.57,138.62,55.99,80,14,8.05
410,Santarem,BR,2020-10-31 18:37:41,-2.44,-54.71,93.2,46,0,11.41
411,Sao Gabriel Da Cachoeira,BR,2020-10-31 18:38:06,-0.13,-67.09,75.2,94,90,10.29
412,Dunedin,NZ,2020-10-31 18:33:38,-45.87,170.5,51.01,74,3,4.0
413,Ati,TD,2020-10-31 18:38:06,13.22,18.34,89.83,16,19,16.06
414,Aliwal North,ZA,2020-10-31 18:38:06,-30.69,26.71,57.4,79,100,7.63
415,Naurskaya,RU,2020-10-31 18:38:06,43.65,45.31,53.6,93,0,3.89
416,Benjamin Constant,BR,2020-10-31 18:38:06,-4.38,-70.03,78.8,83,40,3.65
417,Alta Floresta,BR,2020-10-31 18:33:46,-9.88,-56.09,87.8,62,75,4.7
418,Oktyabrskiy,RU,2020-10-31 18:38:07,54.48,53.47,41.41,74,100,4.59
419,Ashcroft,CA,2020-10-31 18:38:07,50.72,-121.29,44.6,86,75,8.05
420,Elko,US,2020-10-31 18:36:55,41.0,-115.5,59.0,25,1,1.83
421,Mahibadhoo,MV,2020-10-31 18:36:40,3.78,72.97,82.4,72,4,3.65
422,San Carlos De Bariloche,AR,2020-10-31 18:38:07,-41.15,-71.31,78.8,10,0,13.87
423,Tura,IN,2020-10-31 18:38:07,25.52,90.22,71.91,96,100,1.28
424,Turukhansk,RU,2020-10-31 18:38:07,65.82,87.98,17.22,97,100,20.76
425,Geraldton,AU,2020-10-31 18:38:07,-28.77,114.6,66.2,77,40,11.41
426,Monrovia,LR,2020-10-31 18:33:41,6.3,-10.8,79.92,81,59,6.49
427,Along,IN,2020-10-31 18:33:10,28.17,94.77,67.1,81,100,1.32
428,Bom Jesus Da Lapa,BR,2020-10-31 18:35:15,-13.26,-43.42,84.65,54,100,14.25
429,Vostok,RU,2020-10-31 18:37:48,46.49,135.88,34.34,95,100,5.21
430,Dudinka,RU,2020-10-31 18:38:08,69.41,86.18,19.4,92,90,35.79
431,Kloulklubed,PW,2020-10-31 18:33:30,7.04,134.26,82.4,74,90,4.7
432,Sterling,US,2020-10-31 18:34:05,39.01,-77.43,51.01,53,75,4.7
433,Xiongzhou,CN,2020-10-31 18:38:08,25.12,114.3,63.55,79,0,2.01
434,Schneverdingen,DE,2020-10-31 18:38:08,53.12,9.8,55.4,82,40,8.05
435,Te Anau,NZ,2020-10-31 18:37:12,-45.42,167.72,48.92,73,45,6.22
436,Arbagar,RU,2020-10-31 18:38:08,51.94,116.28,26.02,96,100,2.68
437,Marienburg,PL,2020-10-31 18:38:09,54.04,19.03,46.0,100,0,5.08
438,Nuqui,CO,2020-10-31 18:38:09,5.71,-77.27,81.91,73,75,8.59
439,Poum,NC,2020-10-31 18:33:58,-20.23,164.02,77.22,80,0,22.53
440,Sosnovskoye,RU,2020-10-31 18:38:09,55.81,43.17,37.0,100,75,2.24
441,Guangshui,CN,2020-10-31 18:38:09,31.62,114.0,60.48,85,100,0.72
442,Lata,PT,2020-10-31 18:38:09,40.16,-8.33,64.0,86,4,1.21
443,Kyzyl-Oktyabr,KG,2020-10-31 18:38:09,42.77,75.73,42.82,55,0,8.21
444,Kysyl-Syr,RU,2020-10-31 18:37:52,63.9,122.76,-8.81,90,85,3.8
445,Ivanovskoye,RU,2020-10-31 18:38:10,44.58,41.88,59.0,1,100,1.01
446,Ninghai,CN,2020-10-31 18:38:10,29.29,121.42,62.01,89,47,1.77
447,Kathmandu,NP,2020-10-31 18:38:10,27.72,85.32,60.8,82,20,3.36
448,Portland,US,2020-10-31 18:34:32,45.52,-122.68,50.0,75,20,5.82
449,Wajir,KE,2020-10-31 18:38:10,1.75,40.06,86.0,58,20,12.06
450,Robertsport,LR,2020-10-31 18:38:10,6.75,-11.37,80.31,80,47,7.45
451,Dera Bugti,PK,2020-10-31 18:38:10,29.03,69.15,65.79,25,0,2.06
452,Chicama,PE,2020-10-31 18:38:10,-7.84,-79.15,62.6,82,90,10.29
453,Teseney,ER,2020-10-31 18:38:11,15.11,36.66,89.26,25,75,1.45
454,Rawson,AR,2020-10-31 18:38:11,-43.3,-65.1,78.57,20,0,8.21
455,Dukat,RU,2020-10-31 18:38:11,62.55,155.55,11.89,96,100,5.59
456,Glamoc,BA,2020-10-31 18:38:11,44.05,16.85,60.01,55,0,1.99
457,Klaksvik,FO,2020-10-31 18:38:11,62.23,-6.59,51.8,93,100,19.46
458,Zhangjiakou,CN,2020-10-31 18:38:11,40.81,114.88,37.76,61,0,7.92
459,Khandyga,RU,2020-10-31 18:38:11,62.67,135.6,-9.42,86,0,2.04
460,Coihaique,CL,2020-10-31 18:38:11,-45.58,-72.07,73.4,31,0,5.82
461,Kirakira,SB,2020-10-31 18:38:11,-10.45,161.92,79.59,79,100,4.5
462,Ngunguru,NZ,2020-10-31 18:33:42,-35.62,174.5,59.0,97,26,1.99
463,Ovsyanka,RU,2020-10-31 18:33:48,55.96,92.55,24.8,92,75,2.24
464,Provideniya,RU,2020-10-31 18:38:12,64.38,-173.3,21.15,87,99,6.71
465,Muswellbrook,AU,2020-10-31 18:38:12,-32.27,150.9,50.77,87,0,4.72
466,Nidadavole,IN,2020-10-31 18:38:12,16.92,81.67,75.31,76,0,2.26
467,Samarai,PG,2020-10-31 18:38:12,-10.62,150.67,80.55,84,100,8.7
468,Hualmay,PE,2020-10-31 18:38:12,-11.1,-77.61,68.85,67,74,10.16
469,Constanta,RO,2020-10-31 18:35:04,44.18,28.65,48.2,100,75,8.05
470,Tessalit,ML,2020-10-31 18:38:12,20.2,1.01,82.38,15,33,9.17
471,Mogadishu,SO,2020-10-31 18:33:23,2.04,45.34,80.35,80,20,12.68
472,Skibotn,NO,2020-10-31 18:38:13,69.39,20.27,41.0,81,75,25.28
473,Kaduna,NG,2020-10-31 18:38:13,10.52,7.44,78.58,29,0,5.7
474,San Vicente,AR,2020-10-31 18:38:13,-26.62,-54.13,78.26,40,50,4.32
475,North Bend,US,2020-10-31 18:38:13,43.41,-124.22,63.0,71,1,4.7
476,Polis,CY,2020-10-31 18:38:13,35.04,32.43,66.2,72,40,4.7
477,Eureka,US,2020-10-31 18:33:38,40.8,-124.16,55.99,93,75,6.02
478,Tadpatri,IN,2020-10-31 18:38:13,14.92,78.02,76.57,71,0,1.9
479,Oktyabrskoye,RU,2020-10-31 18:38:13,43.06,44.74,51.8,93,77,6.71
480,Farah,AF,2020-10-31 18:38:13,32.5,62.5,42.94,61,0,1.5
481,Kologriv,RU,2020-10-31 18:38:13,58.83,44.32,30.52,97,0,5.39
482,Nelson Bay,AU,2020-10-31 18:36:07,-32.72,152.15,55.4,87,8,6.93
483,Ostersund,SE,2020-10-31 18:38:14,63.18,14.64,37.4,93,94,9.17
484,Ekhabi,RU,2020-10-31 18:38:14,53.51,142.97,34.39,90,100,7.72
485,Tocopilla,CL,2020-10-31 18:35:52,-22.09,-70.2,68.36,49,21,8.81
486,Port Pirie,AU,2020-10-31 18:38:14,-33.18,138.02,55.4,82,0,5.82
487,Ust-Kut,RU,2020-10-31 18:38:14,56.79,105.77,19.49,91,99,5.1
488,Marakkanam,IN,2020-10-31 18:38:14,12.2,79.95,80.17,73,0,4.5
489,Dongsheng,CN,2020-10-31 18:38:14,39.82,109.98,33.12,79,0,10.0
490,Llanes,ES,2020-10-31 18:38:15,43.42,-4.75,68.0,72,100,3.0
491,Buraydah,SA,2020-10-31 18:38:15,26.33,43.98,71.6,28,0,4.7
492,Harper,LR,2020-10-31 18:38:15,4.38,-7.72,78.3,87,100,5.86
493,Calama,CL,2020-10-31 18:38:15,-22.47,-68.93,69.8,13,0,13.87
494,Verkhnevilyuysk,RU,2020-10-31 18:38:15,63.45,120.32,-6.0,91,72,3.31
495,Vilhena,BR,2020-10-31 18:38:15,-12.74,-60.15,84.2,48,75,10.29
496,Tambun,ID,2020-10-31 18:38:15,-6.26,107.07,80.01,94,40,4.7
497,Yakeshi,CN,2020-10-31 18:38:15,49.28,120.73,22.66,97,100,14.54
498,Saint-Leu,RE,2020-10-31 18:38:15,-21.15,55.28,68.0,64,40,6.93
499,Cap Malheureux,MU,2020-10-31 18:38:16,-19.98,57.61,64.99,76,17,3.0
500,Kirn,DE,2020-10-31 18:38:16,49.78,7.45,52.0,76,0,12.75
501,Faya,SA,2020-10-31 18:38:16,18.39,42.45,64.4,77,0,1.86
502,Jijiga,ET,2020-10-31 18:38:16,9.35,42.8,61.41,88,18,6.58
503,Bonavista,CA,2020-10-31 18:37:42,48.65,-53.11,36.0,69,100,6.93
504,Omboue,GA,2020-10-31 18:38:16,-1.57,9.26,77.47,89,100,5.39
505,Veseloyarsk,RU,2020-10-31 18:38:16,51.28,81.11,30.79,96,0,6.33
506,Kawalu,ID,2020-10-31 18:38:16,-7.38,108.21,71.98,91,72,1.45
507,Inirida,CO,2020-10-31 18:38:16,3.87,-67.92,83.05,80,100,1.43
508,Havelock,US,2020-10-31 18:38:17,34.88,-76.9,64.99,48,1,10.29
509,Coos Bay,US,2020-10-31 18:38:17,43.37,-124.22,63.0,71,1,4.7
510,Pontes E Lacerda,BR,2020-10-31 18:38:17,-15.23,-59.34,88.9,38,73,7.05
511,Banda Aceh,ID,2020-10-31 18:37:35,5.56,95.32,80.64,74,100,5.97
512,Tual,ID,2020-10-31 18:38:17,-5.67,132.75,83.07,77,100,13.35
513,Yumen,CN,2020-10-31 18:38:17,40.28,97.2,34.09,67,46,12.66
514,Jumla,NP,2020-10-31 18:38:17,29.27,82.18,47.19,54,1,5.86
515,Hvolsvollur,IS,2020-10-31 18:38:17,63.75,-20.22,44.6,70,20,12.75
516,Suntar,RU,2020-10-31 18:33:24,62.14,117.63,-2.7,91,23,2.82
517,Gimli,CA,2020-10-31 18:38:18,50.63,-96.99,30.2,58,100,20.8
518,Pyay,MM,2020-10-31 18:38:18,18.82,95.22,74.62,91,74,0.63
519,Cherskiy,RU,2020-10-31 18:38:18,68.75,161.3,8.06,88,86,3.42
520,Ouesso,CG,2020-10-31 18:38:18,1.61,16.05,72.66,93,100,0.36
521,Tecoanapa,MX,2020-10-31 18:38:18,16.52,-98.75,85.28,65,43,8.39
522,Santa Maria,BR,2020-10-31 18:38:18,-29.68,-53.81,72.5,55,16,11.52
523,Egvekinot,RU,2020-10-31 18:35:09,66.32,-179.17,12.63,81,1,4.27
524,Coffs Harbour,AU,2020-10-31 18:38:18,-30.3,153.13,57.2,93,0,4.05
525,Taloqan,AF,2020-10-31 18:38:18,36.74,69.53,41.4,65,0,2.06
526,Fonte Boa,BR,2020-10-31 18:38:19,-2.5,-66.27,72.72,96,100,7.67
527,Nampula,MZ,2020-10-31 18:36:43,-15.12,39.27,75.0,88,20,5.82
528,Raga,SS,2020-10-31 18:38:19,8.46,25.68,76.98,69,60,4.03
529,Safford,US,2020-10-31 18:36:11,32.83,-109.71,71.6,26,1,8.05
530,Kohlu,PK,2020-10-31 18:38:19,29.9,69.25,54.01,35,0,1.3
531,San Rafael,AR,2020-10-31 18:38:19,-34.62,-68.33,82.24,16,0,18.79
532,Honningsvag,NO,2020-10-31 18:37:35,70.98,25.97,40.48,76,100,15.84
533,Kodinsk,RU,2020-10-31 18:34:30,58.69,99.18,5.32,93,0,1.36
534,Port Hedland,AU,2020-10-31 18:38:19,-20.32,118.57,75.2,88,0,10.29
535,Brae,GB,2020-10-31 18:38:20,60.4,-1.35,53.6,81,100,35.57
536,Half Moon Bay,US,2020-10-31 18:37:28,37.46,-122.43,68.0,82,5,4.0
537,Shimoda,JP,2020-10-31 18:38:20,34.67,138.95,57.09,59,39,7.52
538,Jamame,SO,2020-10-31 18:38:20,0.07,42.75,78.62,80,0,8.23
539,Eslov,SE,2020-10-31 18:38:20,55.84,13.3,53.01,95,91,10.09
540,Okato,NZ,2020-10-31 18:38:20,-39.2,173.88,54.0,90,97,5.99
541,Hobyo,SO,2020-10-31 18:38:20,5.35,48.53,81.66,76,100,10.58
542,Rio Gallegos,AR,2020-10-31 18:38:07,-51.62,-69.22,60.8,41,0,13.87
543,Muroto,JP,2020-10-31 18:38:20,33.28,134.15,66.85,57,94,9.26
544,Evensk,RU,2020-10-31 18:38:21,61.95,159.23,21.99,92,97,11.5
545,Mansa,IN,2020-10-31 18:38:21,29.98,75.38,64.36,22,0,3.83
546,Neuquen,AR,2020-10-31 18:38:21,-38.95,-68.06,86.0,19,0,11.41
547,Sun City West,US,2020-10-31 18:37:32,33.66,-112.34,82.99,15,20,5.82
548,Kruisfontein,ZA,2020-10-31 18:35:31,-34.0,24.73,63.0,79,53,7.43
549,Pesochnoye,RU,2020-10-31 18:38:21,58.01,39.18,40.33,85,100,7.16
550,Desaguadero,PE,2020-10-31 18:38:21,-16.57,-69.04,57.78,38,100,12.06
551,Axim,GH,2020-10-31 18:38:21,4.87,-2.24,79.09,85,99,6.17
552,Bay Roberts,CA,2020-10-31 18:38:21,47.6,-53.26,36.0,66,100,7.0
553,Peruibe,BR,2020-10-31 18:38:22,-24.32,-47.0,65.8,86,100,7.49
554,Inverell,AU,2020-10-31 18:38:22,-29.78,151.12,48.0,93,1,2.15
555,Sechura,PE,2020-10-31 18:38:01,-5.56,-80.82,75.31,56,100,14.45
556,Hailar,CN,2020-10-31 18:38:22,49.2,119.7,23.88,96,100,15.66
557,Jaffrey,US,2020-10-31 18:38:22,42.81,-72.02,41.0,59,1,3.36
558,At-Bashi,KG,2020-10-31 18:38:22,41.17,75.81,28.74,60,0,4.54
559,Gushikawa,JP,2020-10-31 18:38:22,26.35,127.87,73.4,88,90,6.93
560,Bella Vista,US,2020-10-31 18:38:23,36.43,-94.23,61.0,38,1,13.87
561,Namibe,AO,2020-10-31 18:38:23,-15.2,12.15,73.36,74,28,4.76
562,Vila Franca Do Campo,PT,2020-10-31 18:38:23,37.72,-25.43,69.8,94,75,17.22
563,Moron,AR,2020-10-31 18:33:33,-34.65,-58.62,77.0,23,0,1.99
564,Irbil,IQ,2020-10-31 18:38:23,36.19,44.01,68.0,22,0,2.24
